<?xml version="1.0" encoding="utf-8" standalone="yes" ?>
<Window size="1060,600" caption="0,0,0,50" roundcorner="5,5">
    <Font name="微软雅黑" size="21" bold="false" italic="false" />
    <Font name="微软雅黑" size="19" bold="false" italic="false" />
    <Font name="微软雅黑" size="16" bold="false" italic="false" />
    <VerticalLayout name="MainLay" bordersize="0" float="false" width="60" height="30">
        <HorizontalLayout name="TitleLay" bordersize="0" float="false" height="50" bkcolor="#FF383838">
            <Container bordersize="0" float="false" width="30" />
            <Label name="lab_title" text="讲课助手" bordersize="0" float="false" width="170" textcolor="#FFFFFFFF" disabledtextcolor="#FFA7A6AA" font="0" />
            <HorizontalLayout name="NotifyLay" bordersize="0" float="false" width="300">
                <Label name="lab_notify_ico" bordersize="0" float="true" pos="1,20,0,0" width="13" height="11" bkimage="notify_ico.png" textcolor="#FF000000" disabledtextcolor="#FFA7A6AA" />
                <Label name="lab_notify" text="花都区实验小学上线啦" bordersize="0" float="true" pos="16,4,0,0" width="281" height="41" textcolor="#FFFFAE00" disabledtextcolor="#FFA7A6AA" font="2" />
            </HorizontalLayout>
            <HorizontalLayout bordersize="0" float="false" />
            <Button name="btn_setting" bordersize="0" float="false" width="33" height="29" textcolor="#FF000000" disabledtextcolor="#FFA7A6AA" align="center" normalimage="btn_setting_normal.png" hotimage="btn_setting_hot.png" pushedimage="btn_setting_pressed.png" />
            <Button name="btn_min" bordersize="0" float="false" width="33" height="29" textcolor="#FF000000" disabledtextcolor="#FFA7A6AA" align="center" normalimage="btn_min_normal.png" hotimage="btn_min_hot.png" pushedimage="btn_min_pressed.png" />
            <Button name="btn_max" bordersize="0" float="false" width="33" height="29" textcolor="#FF000000" disabledtextcolor="#FFA7A6AA" align="center" normalimage="btn_max_normal.png" hotimage="btn_max_hot.png" pushedimage="btn_max_pressed.png" />
            <Button name="btn_close" bordersize="0" float="false" width="33" height="29" textcolor="#FF000000" disabledtextcolor="#FFA7A6AA" align="center" normalimage="btn_close_normal.png" hotimage="btn_close_hot.png" pushedimage="btn_close_pressed.png" />
            <Container bordersize="0" float="false" width="10" />
        </HorizontalLayout>
        <HorizontalLayout name="CenterLay" bordersize="0" float="false">
            <VerticalLayout name="MainVer" bordersize="0" float="false">
                <HorizontalLayout name="MainVideoLay" bordersize="0" float="false" bkcolor="#FF212121">
                    <VerticalLayout name="MediaLay" bordersize="0" float="false" >
						<HorizontalLayout>
						<VerticalLayout width="23" />
						<Video name="mainVideo" />
						</HorizontalLayout>
					</VerticalLayout>
                    <VerticalLayout name="FunctionLay" bordersize="0" float="false" width="23">
                        <Container bordersize="0" float="false" />
                        <Button name="btn_unexpend" bordersize="0" float="false" width="23" height="61" textcolor="#FF000000" disabledtextcolor="#FFA7A6AA" align="center" normalimage="btn_unexpend_normal.png" hotimage="btn_unexpend_hot.png" pushedimage="btn_unexpend_pressed.png" />
						<Button name="btn_expend" visible="false" bordersize="0" float="false" width="23" height="61" textcolor="#FF000000" disabledtextcolor="#FFA7A6AA" align="center" normalimage="btn_expend_normal.png" hotimage="btn_expend_hot.png" pushedimage="btn_expend_pressed.png" />
                        <Container bordersize="0" float="false" />
                    </VerticalLayout>
                </HorizontalLayout>
                <HorizontalLayout name="SubVideoLay" bordersize="0" float="false" height="190" bkcolor="#FF929292">
                    <Container bordersize="0" float="false" width="5" />
                    <VerticalLayout name="Ver1" bordersize="0" float="false">
                        <HorizontalLayout bordersize="0" float="false" height="10" />
                        <VerticalLayout  borderround="9,9" float="false" bkcolor="#FF212121">
                            <HorizontalLayout bordersize="0" float="false" height="30">
                                <Container bordersize="0" float="false" width="9" height="30" />
                                <Label name="lab_title1" text="未连接" bordersize="0" float="false" textcolor="#FF9EA4A9" disabledtextcolor="#FFA7A6AA" />
                                <VerticalLayout width="10">
								<Container />
								<Button name="btn_sound1" bordersize="0" float="false" normalimage="snd_off.png"  hotimage="snd_off.png"  width="10" height="12" textcolor="#FF000000" disabledtextcolor="#FFA7A6AA" align="center" />
								<Button name="btn_soundoff1"  visible="false" bordersize="0" float="false" normalimage="snd_on.png"  hotimage="snd_on.png"  width="10" height="10" textcolor="#FF000000" disabledtextcolor="#FFA7A6AA" align="center" />
								<Container />
								</VerticalLayout>
								<Container  width="5" />
                            </HorizontalLayout>
                            <HorizontalLayout bordersize="0" float="false">
                                <Container bordersize="0" float="false" width="5" />
                                 <Video bordersize="0" float="false" name="video1" />
                                <Container bordersize="0" float="false" width="5" />
                            </HorizontalLayout>
                            <HorizontalLayout bordersize="0" float="false" height="5" />
                        </VerticalLayout>
                        <HorizontalLayout bordersize="0" float="false" height="10" />
                        <HorizontalLayout bordersize="0" float="false" height="30">
                            <Button name="teacher1" text="老师" bordersize="0" borderround="5,5" float="false" height="30" bkcolor="#FF171701" textcolor="#FFFFFFFF" disabledtextcolor="#FFA7A6AA" align="center" />
                            <Container bordersize="0" float="false" width="10" height="30" maxwidth="30" minwidth="10" />
                            <Button name="student1"  text="学生" bordersize="0"  borderround="5,5" float="false" height="30" bkcolor="#FF171701" textcolor="#FFFFFFFF" disabledtextcolor="#FFA7A6AA" align="center" />
                        </HorizontalLayout>
                        <HorizontalLayout bordersize="0" float="false" height="10" />
                    </VerticalLayout>
                    <Container bordersize="0" float="false" width="5" />
                    <VerticalLayout name="Ver2" bordersize="0" float="false">
                        <HorizontalLayout bordersize="0" float="false" height="10" />
                        <VerticalLayout bordersize="2" borderround="9,9"  float="false" bkcolor="#FF212121">
                            <HorizontalLayout bordersize="0" float="false" height="30">
                                <Container bordersize="0" float="false" width="9" height="30" />
                                <Label name="lab_title2" text="未连接" bordersize="0" float="false" textcolor="#FF9EA4A9" disabledtextcolor="#FFA7A6AA" />
                                <VerticalLayout width="10">
								<Container />
								<Button name="btn_sound2" bordersize="0" float="false" normalimage="snd_off.png"  hotimage="snd_off.png"  width="10" height="12" textcolor="#FF000000" disabledtextcolor="#FFA7A6AA" align="center" />
								<Button name="btn_soundoff2"  visible="false" bordersize="0" float="false" normalimage="snd_on.png"  hotimage="snd_on.png"  width="10" height="10" textcolor="#FF000000" disabledtextcolor="#FFA7A6AA" align="center" />
								<Container />
								</VerticalLayout>
								<Container  width="5" />
                            </HorizontalLayout>
                            <HorizontalLayout bordersize="0" float="false">
                                <Container bordersize="0" float="false" width="5" />
                                 <Video bordersize="0" float="false" name="video2" />
                                <Container bordersize="0" float="false" width="5" />
                            </HorizontalLayout>
                            <HorizontalLayout bordersize="0" float="false" height="5" />
                        </VerticalLayout>
                        <HorizontalLayout bordersize="0" float="false" height="10" />
                        <HorizontalLayout bordersize="0" float="false" height="30">
                            <Button  name="teacher2" text="老师" bordersize="0"  borderround="5,5" float="false" height="30" bkcolor="#FF171701" textcolor="#FFFFFFFF" disabledtextcolor="#FFA7A6AA" align="center" />
                            <Container bordersize="0" float="false" width="10" height="30" maxwidth="30" minwidth="10" />
                            <Button name="student2"   text="学生" bordersize="0"  borderround="5,5" float="false" height="30" bkcolor="#FF171701" textcolor="#FFFFFFFF" disabledtextcolor="#FFA7A6AA" align="center" />
                        </HorizontalLayout>
                        <HorizontalLayout bordersize="0" float="false" height="10" />
                    </VerticalLayout>
                    <Container bordersize="0" float="false" width="5" />
                    <VerticalLayout name="Ver3" bordersize="0" float="false">
                        <HorizontalLayout bordersize="0" float="false" height="10" />
                        <VerticalLayout bordersize="2" borderround="9,9"  float="false" bkcolor="#FF212121">
                            <HorizontalLayout bordersize="0" float="false" height="30">
                                <Container bordersize="0" float="false" width="9" height="30" />
                                <Label name="lab_title3" text="未连接" bordersize="0" float="false" textcolor="#FF9EA4A9" disabledtextcolor="#FFA7A6AA" />
                                <VerticalLayout width="10">
								<Container />
								<Button name="btn_sound3" bordersize="0" float="false" normalimage="snd_off.png"  hotimage="snd_off.png"  width="10" height="12" textcolor="#FF000000" disabledtextcolor="#FFA7A6AA" align="center" />
								<Button name="btn_soundoff3"  visible="false" bordersize="0" float="false" normalimage="snd_on.png"  hotimage="snd_on.png"  width="10" height="10" textcolor="#FF000000" disabledtextcolor="#FFA7A6AA" align="center" />
								<Container />
								</VerticalLayout>
								<Container  width="5" />
                            </HorizontalLayout>
                            <HorizontalLayout bordersize="0" float="false">
                                <Container bordersize="0" float="false" width="5" />
                                 <Video bordersize="0" float="false" name="video3" />
                                <Container bordersize="0" float="false" width="5" />
                            </HorizontalLayout>
                            <HorizontalLayout bordersize="0" float="false" height="5" />
                        </VerticalLayout>
                        <HorizontalLayout bordersize="0" float="false" height="10" />
                        <HorizontalLayout bordersize="0" float="false" height="30">
                            <Button  name="teacher3" text="老师" bordersize="0"  borderround="5,5" float="false" height="30" bkcolor="#FF171701" textcolor="#FFFFFFFF" disabledtextcolor="#FFA7A6AA" align="center" />
                            <Container bordersize="0" float="false" width="10" height="30" maxwidth="30" minwidth="10" />
                            <Button name="student3"   text="学生" bordersize="0"  borderround="5,5" float="false" height="30" bkcolor="#FF171701" textcolor="#FFFFFFFF" disabledtextcolor="#FFA7A6AA" align="center" />
                        </HorizontalLayout>
                        <HorizontalLayout bordersize="0" float="false" height="10" />
                    </VerticalLayout>
                    <Container bordersize="0" float="false" width="5" />
                    <VerticalLayout name="Ver4" bordersize="0" float="false">
                        <HorizontalLayout bordersize="0" float="false" height="10" />
                        <VerticalLayout bordersize="2"  borderround="9,9" float="false" bkcolor="#FF212121">
                            <HorizontalLayout bordersize="0" float="false" height="30">
                                <Container bordersize="0" float="false" width="9" height="30" />
                                <Label name="lab_title4" text="未连接" bordersize="0" float="false" textcolor="#FF9EA4A9" disabledtextcolor="#FFA7A6AA" />
                                <VerticalLayout width="10">
								<Container />
								<Button name="btn_sound4" bordersize="0" float="false" normalimage="snd_off.png"  hotimage="snd_off.png"  width="10" height="12" textcolor="#FF000000" disabledtextcolor="#FFA7A6AA" align="center" />
								<Button name="btn_soundoff4"  visible="false" bordersize="0" float="false" normalimage="snd_on.png"  hotimage="snd_on.png"  width="10" height="10" textcolor="#FF000000" disabledtextcolor="#FFA7A6AA" align="center" />
								<Container />
								</VerticalLayout>
								<Container  width="5" />
                            </HorizontalLayout>
                            <HorizontalLayout bordersize="0" float="false">
                                <Container bordersize="0" float="false" width="5" />
                                 <Video bordersize="0" float="false" name="video4" />
                                <Container bordersize="0" float="false" width="5" />
                            </HorizontalLayout>
                            <HorizontalLayout bordersize="0" float="false" height="5" />
                        </VerticalLayout>
                        <HorizontalLayout bordersize="0" float="false" height="10" />
                        <HorizontalLayout bordersize="0" float="false" height="30">
                            <Button  name="teacher4" text="老师" bordersize="0"  borderround="5,5" float="false" height="30" bkcolor="#FF171701" textcolor="#FFFFFFFF" disabledtextcolor="#FFA7A6AA" align="center" />
                            <Container bordersize="0" float="false" width="10" height="30" />
                            <Button  name="student4"  text="学生" bordersize="0"  borderround="5,5" float="false" height="30" bkcolor="#FF171701" textcolor="#FFFFFFFF" disabledtextcolor="#FFA7A6AA" align="center" />
                        </HorizontalLayout>
                        <HorizontalLayout bordersize="0" float="false" height="10" />
                    </VerticalLayout>
                    <Container bordersize="0" float="false" width="5" />
                    <VerticalLayout name="Ver5" bordersize="0" float="false">
                        <HorizontalLayout bordersize="0" float="false" height="10" />
                        <VerticalLayout bordersize="2"  borderround="9,9" float="false" bkcolor="#FF212121">
                            <HorizontalLayout bordersize="0" float="false" height="30">
                                <Container bordersize="0" float="false" width="9" height="30" />
                                <Label name="lab_title5" text="载入中..." bordersize="0" float="false" textcolor="#FF9EA4A9" disabledtextcolor="#FFA7A6AA" />
                                <VerticalLayout width="10">
								<Container />
								<Button name="btn_sound5"  visible="false" bordersize="0" float="false" normalimage="snd_off.png"  hotimage="snd_off.png"  width="10" height="12" textcolor="#FF000000" disabledtextcolor="#FFA7A6AA" align="center" />
								<Button name="btn_soundoff5" visible="false" bordersize="0" float="false" normalimage="snd_on.png"  hotimage="snd_on.png"  width="10" height="10" textcolor="#FF000000" disabledtextcolor="#FFA7A6AA" align="center" />
								<Container />
								</VerticalLayout>
								<Container  width="5" />
                            </HorizontalLayout>
                            <HorizontalLayout bordersize="0" float="false">
                                <Container bordersize="0" float="false" width="5" />
                                <Video bordersize="0" float="false" name="video5" />
                                <Container bordersize="0" float="false" width="5" />
                            </HorizontalLayout>
                            <HorizontalLayout bordersize="0" float="false" height="5" />
                        </VerticalLayout>
                        <HorizontalLayout bordersize="0" float="false" height="10" />
                        <HorizontalLayout bordersize="0" float="false" height="30">
                            <Button  name="teacher5" text="老师" bordersize="0"  borderround="5,5" float="false" height="30" bkcolor="#FF171701" textcolor="#FFFFFFFF" disabledtextcolor="#FFA7A6AA" align="center" />
                            <Container bordersize="0" float="false" width="10" height="30" />
                            <Button name="student5"   text="学生" bordersize="0"  borderround="5,5" float="false" height="30" bkcolor="#FF171701" textcolor="#FFFFFFFF" disabledtextcolor="#FFA7A6AA" align="center" />
                        </HorizontalLayout>
                        <HorizontalLayout bordersize="0" float="false" height="10" />
                    </VerticalLayout>
                    <Container bordersize="0" float="false" width="5" />
                    <VerticalLayout name="Ver6" bordersize="0" float="false">
                        <HorizontalLayout bordersize="0" float="false" height="10" />
                        <VerticalLayout bordersize="2"  borderround="9,9" float="false" bkcolor="#FF212121">
                            <HorizontalLayout bordersize="0" float="false" height="30">
                                <Container bordersize="0" float="false" width="9" height="30" />
                                <Label name="lab_title6" text="载入中..." bordersize="0" float="false" textcolor="#FF9EA4A9" disabledtextcolor="#FFA7A6AA" />
                                <VerticalLayout width="10">
								<Container />
								<Button name="btn_sound6"  visible="false" bordersize="0" float="false" normalimage="snd_off.png"  hotimage="snd_off.png"  width="10" height="12" textcolor="#FF000000" disabledtextcolor="#FFA7A6AA" align="center" />
								<Button name="btn_soundoff6" visible="false" bordersize="0" float="false" normalimage="snd_on.png"  hotimage="snd_on.png"  width="10" height="10" textcolor="#FF000000" disabledtextcolor="#FFA7A6AA" align="center" />
								<Container />
								</VerticalLayout>
								<Container  width="5" />
                            </HorizontalLayout>
                            <HorizontalLayout bordersize="0" float="false">
                                <Container bordersize="0" float="false" width="5" />
                                 <Video bordersize="0" float="false" name="video6" />
                                <Container bordersize="0" float="false" width="5" />
                            </HorizontalLayout>
                            <HorizontalLayout bordersize="0" float="false" height="5" />
                        </VerticalLayout>
                        <HorizontalLayout bordersize="0" float="false" height="10" />
                        <HorizontalLayout bordersize="0" float="false" height="30">
                            <Button  name="teacher6" text="PPT" bordersize="0"  borderround="5,5" float="false" height="30" bkcolor="#FF171701" textcolor="#FFFFFFFF" disabledtextcolor="#FFA7A6AA" align="center" />
                        </HorizontalLayout>
                        <HorizontalLayout bordersize="0" float="false" height="10" />
                    </VerticalLayout>
                    <Container bordersize="0" float="false" width="5" />
                </HorizontalLayout>
            </VerticalLayout>
            <VerticalLayout name="ClassRoomLay" bordersize="0" float="false" width="190" bkcolor="#FF434343">
                <VerticalLayout name="CalssRoomTitleLay" bordersize="0" float="false" height="31">
                    <Label name="lab_ClassRoomTitle" text="教室列表" bordersize="0" float="false" height="30" textcolor="#FFFFFFFF" disabledtextcolor="#FFA7A6AA" font="2" align="center" />
                    <Label name="lab_sep" bordersize="0" float="false" height="1" bkcolor="#FF808080" textcolor="#FF000000" disabledtextcolor="#FFA7A6AA" />
                </VerticalLayout>
				<HorizontalLayout>
				<VerticalLayout />
                <VerticalLayout name="CalssRoomListLay" bordersize="0" width="170" float="false" />
				<VerticalLayout />
				</HorizontalLayout>
            </VerticalLayout>
        </HorizontalLayout>
    </VerticalLayout>
</Window>
